"text","label","notes"
"Mexico's defensive record in Group A is immaculate — 2 wins, 0 goals conceded across both matches. Their 4-4-2 mid-block has been tactically disciplined cutting off central lanes and forcing opponents wide.","analysis",""
"Korea Republic's loss to Mexico reveals a structural weakness: their press is high but their defensive line doesn't recover quickly enough on transitions leaving gaps between midfield and defense.","analysis",""
"Canada's goal difference of +6 after two group stage matches is the best in Group B. Their pressing triggers are well-defined and they're winning the ball back in dangerous areas consistently.","analysis",""
"Switzerland's ability to manage both a 4-3-3 and a 5-3-2 depending on the opponent shows tactical flexibility that few Group B sides can match. Their draw against Canada was a controlled performance.","analysis",""
"Brazil's underlying numbers in Group C are strong — 4 goals from an xG that suggests genuine chance quality rather than luck. Their wide forwards are creating overloads that Morocco and Scotland struggled to handle.","analysis",""
"Morocco's defensive solidity in Group C is built on their compact 4-4-2 block. They've conceded only 1 goal in 2 matches and their transition speed from defense to attack is among the best in the tournament.","analysis",""
"USA's 6 goals in 2 matches in Group D reflect more than just finishing — their pressing structure is forcing opponents into turnovers in dangerous areas with Australia and Paraguay both struggling to play out from the back.","analysis",""
"Germany's goal difference of +7 after two Group E matches is extraordinary. Their high press has been relentless — opponents are averaging only 3 completed passes before losing the ball in their own half against Germany.","analysis",""
"Netherlands' attacking output in Group F — 7 goals in 2 matches — is built on width. Their fullbacks are consistently overlapping and creating 2v1 situations that Sweden and Japan have struggled to defend.","analysis",""
"Japan's 6 goals in Group F disguise a tactical sophistication — they're not playing direct football but using positional rotations to create space centrally before switching to wide areas for the final ball.","analysis",""
"Spain's clean sheet record in Group H — 0 goals conceded in 2 matches — reflects their possession-based defensive approach. By controlling the ball they limit opponents' opportunities rather than relying purely on defensive shape.","analysis",""
"France's 6 goals in Group I from only 2 matches suggests they're creating high-quality chances rather than relying on volume. Their structured build-up through midfield is creating clear openings consistently.","analysis",""
"Argentina's defensive record in Group J — 2 wins and 0 goals conceded — is built on a high defensive line backed by aggressive pressing. Austria and Algeria both struggled to get the ball behind Argentina's backline.","analysis",""
"Portugal's attacking output in Group K reflects their wide play — 6 goals from their opening match with a high xG suggests they're creating genuine chances rather than relying on individual brilliance.","analysis",""
"England's draw against Ghana in Group L reveals a tactical problem — their midfield is too narrow when out of possession leaving wide areas exposed for Ghana's pacey wingers to exploit.","analysis",""
"Norway's 7 goals in Group I after 2 matches is joint-second highest in the tournament behind only Germany's 9 goals in Group E. Their direct vertical play is bypassing midfield lines and creating overloads in the box.","analysis",""
"Egypt's 4 goals in Group G from 2 matches positions them well. Their counter-attacking structure is well-organized — they absorb pressure in a compact 4-4-2 and transition quickly through their pacey forwards.","analysis",""
"Colombia's 3-1 win in their only Group K match so far shows an attacking fluency built on combination play. Their midfield triangle creates numerical advantages in central areas that most opponents struggle to cope with.","analysis",""
"Ghana's clean sheet against Croatia in Group L is tactically significant — they sat in a disciplined 4-5-1 and denied Croatia the wide areas they rely on forcing long shots that their goalkeeper handled comfortably.","analysis",""
"Uruguay's two draws in Group H suggest a team that is hard to beat but also struggling to break teams down. Their 3-3 goal record shows vulnerability at the back despite their historically strong defensive identity.","analysis",""
"Czechia's -1 goal difference in Group A after one draw and one loss reflects a team that is competitive but lacking the finishing quality to convert chances — their xG in both matches was higher than their actual goals.","analysis",""
"South Africa's defensive record in Group A is poor — 3 goals conceded in 2 matches — with their backline struggling against Mexico's wide play. Their defensive line speed is consistently being exposed.","analysis",""
"Bosnia and Herzegovina's loss to Canada was tactically predictable — their high defensive line was exploited repeatedly by Canada's direct runners who won the ball in behind on multiple separate occasions.","analysis",""
"Qatar's goal difference of -6 in Group B reflects a team that is outclassed physically and tactically at this level. Their press has no clear structure and opponents are playing through them with ease.","analysis",""
"Haiti's 0 goals and -4 goal difference in Group C suggests an attacking system that isn't creating chances. Their possession is low and their transitions lack the speed to generate genuine opportunities against organized defenses.","analysis",""
"Paraguay's 2-4 goal difference in Group D shows a team with attacking capability but defensive fragility — their backline is high and aggressive but lacks the recovery pace to deal with USA's transitions.","analysis",""
"Turkey's 0 goals in 2 Group D matches is a reflection of their struggle to create chances against organized defenses. Their attacking structure is too reliant on individual moments rather than systematic chance creation.","analysis",""
"Ecuador's 0-1 goal record in Group E after one draw and one loss shows a team that is defensively solid — they've conceded only 1 goal — but lacking the creative quality to break down organized defensive blocks.","analysis",""
"Curacao's -6 goal difference in Group E reflects the quality gap between them and the established nations. Their defensive shape collapses under sustained pressure from Germany's high press.","analysis",""
"Sweden's 6 goals in Group F is impressive but their 6 goals conceded reveals a team that plays open attacking football at the expense of defensive organization — a vulnerability that will be exposed in the knockout stages.","analysis",""
"Tunisia's 0 wins and -8 goal difference in Group F shows they've been overwhelmed. Their 4-4-2 block hasn't been compact enough to deal with the width and movement of Netherlands and Japan.","analysis",""
"Iran's two draws in Group G reflect a team that is difficult to break down but lacks attacking quality. Their 2-2 goals record from 2 drawn matches shows a team that concedes as much as they score.","analysis",""
"Belgium's two draws in Group G suggest a team in transition — their golden generation has aged and the new players haven't yet developed the chemistry needed to unlock defensive blocks consistently.","analysis",""
"New Zealand's 3-5 goal record in Group G shows they're competitive enough to score but their defensive structure isn't solid enough at this level — they concede from set pieces and wide areas regularly.","analysis",""
"Cabo Verde's disciplined draw record in Group H — 0 wins and 2 draws — shows an organized defensive unit. Their compact 5-4-1 block has been difficult to break down and they've punished opponents on the counter.","analysis",""
"Saudi Arabia's 1-5 goal difference in Group H reflects their vulnerability to high-pressing sides. Spain and Uruguay have exploited their slow build-up play by pressing high and winning the ball in dangerous areas.","analysis",""
"Senegal's 3-6 goal difference in Group I after 2 losses shows a team that can score but can't keep clean sheets. France and Norway have both exploited the space behind Senegal's high defensive line.","analysis",""
"Iraq's 1-7 goal difference in Group I is a reflection of the quality gap. Their midfield has been completely bypassed by France and Norway's vertical pressing game.","analysis",""
"Algeria's 2-4 goal difference in Group J after one win and one loss shows inconsistency. Their defensive shape against Argentina was too open and they were exploited repeatedly on transitions.","analysis",""
"Jordan's 2-5 goal difference in Group J reflects a team that creates chances but concedes too many. Their wide defensive areas have been consistently targeted by Argentina and Austria's overlapping fullbacks.","analysis",""
"Congo DR's draw in Group K is a creditable result given the quality difference on paper. Their compact defensive structure made it difficult for Portugal to create clear-cut chances in the first half.","analysis",""
"Uzbekistan's -7 goal difference in Group K after 2 matches shows they've been outclassed. Their defensive block collapses under sustained pressure and their lack of experience at this level is visible.","analysis",""
"Croatia's loss in Group L despite a positive recent World Cup history shows their aging squad is struggling with the physical demands of the tournament. Their pressing intensity drops sharply after the 60th minute.","analysis",""
"Panama's 0 goals and -2 goal difference in Group L reflects a team that has set up to absorb pressure rather than attack. Their 5-4-1 has limited England and Ghana but they haven't been able to create genuine chances.","analysis",""
"Scotland's 3 points in Group C from 2 matches puts them in a strong position. Their direct compact style has been effective — 1 goal conceded shows their defensive discipline is working despite limited possession.","analysis",""
"Australia's win in Group D shows their counter-attacking system is functional at this level. They absorb pressure in a structured 4-4-2 and transition quickly through their pacey forwards when they win the ball.","analysis",""
"Mexico's 3-0 goal difference across 2 matches without conceding is exceptional for a team that has historically struggled in the group stage. Their tactical setup under their current manager is clearly working.","analysis",""
"Korea's comeback win in Group A shows their resilience but also exposes their inconsistency — they trailed in that match suggesting their defensive transitions need improvement against quality opposition.","analysis",""
"France's perfect record in Group I — 2 wins 6 goals and 1 conceded — reflects a balanced team. Their defensive structure is compact and they're clinical in transition not wasting the chances their press creates.","analysis",""
"Norway's emergence as a genuine tournament contender is backed by statistics — 7 goals in 2 matches from a direct but technically sophisticated attacking system built around clinical finishing.","analysis",""
"Germany's dominance of Group E with a +7 goal difference shows their pressing system is functioning at the highest level. Opponents are struggling to build out from the back against their aggressive front line.","analysis",""
"Netherlands' wide play in Group F is statistically the most productive in the tournament — their fullbacks and wingers combine for the most crosses and wide entries per match of any team still in the competition.","analysis",""
"Brazil's draw in Group C was a tactical decision as much as a result — they managed the game intelligently after going ahead preserving energy and avoiding unnecessary risk ahead of the knockout stages.","analysis",""
"Morocco's 2-1 goal record in Group C reflects their pragmatic approach — they don't concede often and create enough to win. Their transition from defense to attack through the wide areas is consistently effective.","analysis",""
"USA's home advantage is translating into real performance — 6 goals in 2 matches no goals conceded and a pressing intensity that has physically overwhelmed both Australia and Paraguay.","analysis",""
"Spain's possession-based system in Group H is producing results — 4 goals and 0 conceded from 2 matches showing their build-up play is creating genuine chances rather than just controlling the ball.","analysis",""
"Argentina's clinical finishing in Group J — 5 goals from 2 matches — reflects their attacking depth. They're not relying on one player alone but using multiple scoring threats to prevent opponents from doubling up defensively.","analysis",""
"England's draw against Ghana revealed their pressing triggers are inconsistent — they pressed aggressively in the first half but dropped into a passive mid-block after taking the lead which allowed Ghana back into the game.","analysis",""
"Portugal's 6-1 goal record in Group K from their first match shows an attacking system with multiple layers — they score from wide areas set pieces and central combinations making them hard to defend against.","analysis",""
"Colombia's early 3-1 win in Group K suggests their attacking combinations are working well. Their midfield creativity and forward movement has been difficult for opponents to track consistently.","analysis",""
"Egypt's counter-attacking efficiency in Group G — 4 goals from limited possession — shows their transition system is working. They're not trying to control games but are devastating when they win the ball in space.","analysis",""
"Ghana's defensive organization in Group L has been impressive — 0 goals conceded in 2 matches while remaining competitive against England and Croatia shows their defensive discipline is tournament-level quality.","analysis",""
"Switzerland's +3 goal difference in Group B reflects a balanced team. They're not spectacular in any one area but their organized defensive shape and efficient attacking transitions make them difficult to play against.","analysis",""
"Canada's attacking output in Group B — 7 goals from 2 matches — is the highest of any North American team at a World Cup in the modern era reflecting a genuine quality improvement in Canadian football.","analysis",""
"Belgium's inability to convert draws into wins in Group G highlights their lack of a clinical finisher — their xG in both matches was above 1.5 but they've converted only 1 goal total suggesting finishing is their weakness.","analysis",""
"Uruguay's 3-3 goal record from 2 draws in Group H suggests they're in a competitive group where small margins will determine who advances. Their set piece delivery has been a consistent source of goals.","analysis",""
"Scotland's 1 goal conceded in 2 Group C matches shows their defensive organization has improved significantly. Their compact 4-5-1 out of possession has limited both Brazil and Haiti's attacking opportunities.","analysis",""
"South Africa's -2 goal difference in Group A shows a team that is physically competitive but tactically outmatched against organized opposition. Their defensive positioning is frequently exploited by opponents running in behind.","analysis",""
"Czechia's 2-3 goal record in Group A shows they can score but concede too easily — their midfield press is aggressive but leaves gaps behind it that Mexico has exploited twice with quick vertical balls.","analysis",""
"Mexico will crash out in the Round of 16 like they always do. Nothing has changed. El quinto partido curse is eternal.","hot_take",""
"Korea Republic is the most overrated team at this World Cup. Their win was lucky and they'll be eliminated next round.","hot_take",""
"Canada hosting the World Cup while actually being good at football is the best thing that's happened to this sport in decades.","hot_take",""
"Brazil hasn't been a genuine World Cup contender since 2002. They keep getting hyped and keep disappointing.","hot_take",""
"Morocco should have won the 2022 World Cup. They were robbed and the footballing world refuses to acknowledge it.","hot_take",""
"Germany is the most boring team to watch despite scoring 9 goals. Their football is mechanical and joyless.","hot_take",""
"France has the most talented squad in the tournament and will still find a way to underperform in the knockout stages.","hot_take",""
"Argentina got lucky in 2022 and they're getting lucky again. They're not as good as their record suggests.","hot_take",""
"Spain plays the most boring football in the world cup and yet everyone acts like they're brilliant.","hot_take",""
"England will bottle it in the quarterfinals. It's inevitable. It's in their DNA.","hot_take",""
"Norway's Haaland is the best player at this world cup and it's not even close. Nobody else is in his league.","hot_take",""
"USA will reach the semifinals because of home advantage and favorable draws not because of genuine quality.","hot_take",""
"Netherlands is criminally underrated as a tournament threat. They're going to win this whole thing.","hot_take",""
"Japan consistently overachieves at World Cups and people still act surprised every single time. Just accept they're good.","hot_take",""
"Portugal without Ronaldo is a genuinely better team. He should have retired before this tournament.","hot_take",""
"Colombia is the most exciting team at this World Cup and they're going to go deep. Mark my words.","hot_take",""
"Egypt will be eliminated in the Round of 16 because they can't break down organized defenses. Their counter only works in the group stage.","hot_take",""
"Belgium's golden generation was the biggest waste of talent in football history. Unbelievable underachievement.","hot_take",""
"Uruguay always performs at World Cups and never gets the credit they deserve. Most underrated team in the tournament.","hot_take",""
"Saudi Arabia should not be at this World Cup. Their investment in football doesn't translate to actual quality.","hot_take",""
"Senegal has more talent than half the European teams at this tournament and they're as good as eliminated. Disgraceful.","hot_take",""
"Iraq being at the World Cup is a beautiful story and I want them to shock everyone in the knockout rounds.","hot_take",""
"Austria at a World Cup feels completely wrong. They don't belong at this level and their results prove it.","hot_take",""
"Algeria was robbed of qualification in previous tournaments by terrible refereeing. FIFA favors European nations.","hot_take",""
"Jordan at the World Cup is a wonderful achievement but they were clearly out of their depth against quality opposition.","hot_take",""
"Congo DR has more raw talent than any African nation at this tournament but zero organization. Criminal waste.","hot_take",""
"Uzbekistan reaching the World Cup is the biggest footballing miracle of the decade. Incredible achievement.","hot_take",""
"Croatia's time is over. Their 2018 and 2022 runs were a miracle and their aging squad has nothing left.","hot_take",""
"Panama at the World Cup is genuinely impressive but they'll never progress past the group stage.","hot_take",""
"Ghana should have won more matches at this tournament. African teams are consistently underseeded in the draw.","hot_take",""
"Switzerland is the most boring team in world football and somehow keeps qualifying and winning matches.","hot_take",""
"Qatar hosting 2022 was the worst decision in World Cup history and their performance at 2026 proves they don't belong.","hot_take",""
"Haiti at the World Cup is inspiring but the quality gap between CONCACAF teams is embarrassingly large.","hot_take",""
"Paraguay shouldn't be at this World Cup. South American qualification is too generous to mediocre teams.","hot_take",""
"Turkey's attacking football is the most exciting in the tournament when it works which is almost never.","hot_take",""
"Ecuador is the most underrated South American team and nobody ever talks about them until they shock someone.","hot_take",""
"Curacao at the World Cup is a miracle of modern qualification and nobody will give them credit for it.","hot_take",""
"Sweden has the best striker in Europe after Haaland and nobody talks about it enough.","hot_take",""
"Tunisia should have beaten Netherlands. The result was a robbery and the stats prove they were the better team.","hot_take",""
"Iran is the toughest team to play against at this World Cup because of their physical and mental resilience.","hot_take",""
"New Zealand overachieves at every World Cup and the football world consistently underestimates Oceanian football.","hot_take",""
"Cabo Verde is the best small nation story at the 2026 World Cup and they deserve every bit of success they get.","hot_take",""
"Scotland will always be Scotland. Great in qualifying and absolutely bottling it when it matters at tournament football.","hot_take",""
"South Africa hosting the World Cup in 2010 was the greatest sporting event of the 21st century. 2026 won't touch it.","hot_take",""
"Czechia is the most technically skilled team that nobody talks about at this tournament. Completely underrated.","hot_take",""
"South Africa's performances at 2026 are exactly what African football needs to motivate the next generation.","hot_take",""
"Korea Republic will always have a ceiling at international level because their league doesn't develop tactical intelligence.","hot_take",""
"Mexico's players care more about their social media following than winning football matches. That's why they always lose.","hot_take",""
"Canada finally having a real football culture is the most important development in CONCACAF football in 20 years.","hot_take",""
"Brazil's samba football is dead and they've replaced it with something boring and European. Sad decline.","hot_take",""
"Morocco represents Africa better than any team in World Cup history. What they're doing is genuinely historic.","hot_take",""
"Germany winning with boring football proves that tactics always beat flair and that's a tragedy for the sport.","hot_take",""
"France winning this World Cup would be the least surprising outcome possible. They have too much talent to lose.","hot_take",""
"Argentina are not the best team at this tournament. They're just the most experienced and experienced beats talent.","hot_take",""
"Spain playing possession football and winning is the worst outcome for football as a spectacle. Unwatchable.","hot_take",""
"England's problem is simple: they produce great players but their football culture produces mentally weak tournament performers.","hot_take",""
"Norway coming from nowhere to become a genuine World Cup contender is the best story in football right now.","hot_take",""
"USA winning a World Cup within 20 years is inevitable and the rest of the world refuses to accept it.","hot_take",""
"Netherlands never win major tournaments because they always argue internally and destroy team chemistry every tournament.","hot_take",""
"Japan will be in the World Cup semifinal within two tournaments. Their development system is the best in Asia by decades.","hot_take",""
"Portugal will win this World Cup. They have the squad depth and tournament experience to go all the way.","hot_take",""
"Colombia is going to be a World Cup contender for the next decade. Their youth development is exceptional.","hot_take",""
"Egypt qualifying consistently shows that African football is developing faster than European pundits want to admit.","hot_take",""
"Belgium's era is over and they should just accept it. There's no golden generation coming to replace the one they wasted.","hot_take",""
"Uruguay will always be dangerous at World Cups because their players have a winning mentality that can't be coached.","hot_take",""
"Saudi Arabia's football investment will pay off within 10 years and everyone who mocked them will look foolish.","hot_take",""
"Senegal has the talent to win a World Cup within 20 years. African football is rising faster than anyone acknowledges.","hot_take",""
"Iraq reaching the World Cup is proof that football is developing rapidly across regions beyond Europe and South America.","hot_take",""
"Austria has no business being at this World Cup. European qualifying gives too many spots to mediocre nations.","hot_take",""
"Bosnia and Herzegovina at a World Cup feels surreal. They've punched above their weight for years and deserve recognition.","hot_take",""
"WHAT A GOAL FROM MEXICO. I cannot believe what I just watched. This World Cup is absolutely insane already.","reaction",""
"That red card against Korea Republic ruined the whole match. I am so done with VAR. Genuinely heartbroken.","reaction",""
"Canada scored SEVEN goals in a World Cup group stage match. Seven. I need to sit down.","reaction",""
"Brazil are through to the next round and I still can't relax. Every match gives me a heart attack.","reaction",""
"MOROCCO ARE DOING IT AGAIN. I have chills. This team is unbelievable.","reaction",""
"Germany scored NINE goals in two matches. What is happening. This team is terrifying.","reaction",""
"USA IS TOP OF THEIR GROUP. In OUR World Cup. On OUR soil. I am losing my mind right now.","reaction",""
"France look so clinical it's actually scary to watch. That second goal was just cruel.","reaction",""
"ARGENTINA STILL HAVEN'T CONCEDED. How are they doing this. I am in awe.","reaction",""
"Norway putting 7 goals past their opponents in 2 matches. Haaland is from another planet.","reaction",""
"Spain haven't conceded a single goal yet and I don't know whether to be bored or impressed. Both maybe.","reaction",""
"I watched England draw again and I feel nothing anymore. Just complete emotional emptiness.","reaction",""
"Portugal's first match result made me spit out my drink. SIX goals. Six.","reaction",""
"Colombia winning 3-1 in their first match and I'm already fully invested in this team. Where did this come from.","reaction",""
"Japan scored SIX goals in two matches. I said it in 2022 and I'll say it again: do not sleep on Japan.","reaction",""
"Netherlands scoring 7 goals in 2 games. Swedish fans must feel absolutely devastated right now.","reaction",""
"That Egypt goal on the counter attack was the most beautiful thing I've watched at this tournament.","reaction",""
"Ghana keeping a clean sheet against England and Croatia. I did not have that in my bracket.","reaction",""
"Uruguay drawing two matches and I'm simultaneously relieved and anxious. They can't keep doing this.","reaction",""
"SCOTLAND WITH THREE POINTS IN GROUP C. I refuse to believe this is real. Someone pinch me.","reaction",""
"Australia qualifying from Group D despite playing USA. Genuinely outstanding effort from the Socceroos.","reaction",""
"I watched Mexico's clean sheet match with my dad and he cried. He never cries. Football does this.","reaction",""
"Korea Republic came from behind to win and my entire street erupted. I didn't even know my neighbors watched football.","reaction",""
"Canada are genuinely good at football now and my brain cannot process this information.","reaction",""
"Switzerland going through from Group B without losing a match. The most Swiss outcome possible.","reaction",""
"That Bosnia and Herzegovina goal against Canada was absolutely stunning. Didn't matter in the end but wow.","reaction",""
"Qatar's tournament is over and the scenes of their fans leaving early were genuinely hard to watch.","reaction",""
"BRAZIL ARE STILL UNBEATEN. I know it's the group stage but I allow myself to dream.","reaction",""
"Morocco conceding only 1 goal in 2 matches. Their defensive organization is something special to watch.","reaction",""
"Scotland actually defending well at a World Cup. I have been waiting my entire life for this.","reaction",""
"Haiti at the World Cup is a miracle and every goal they score makes me genuinely emotional.","reaction",""
"USA scoring 6 goals in 2 home group stage matches and the atmosphere in those stadiums must be extraordinary.","reaction",""
"Paraguay beating Australia was the upset of the group stage and nobody is talking about it enough.","reaction",""
"Turkey being eliminated without scoring a single goal. Genuinely painful to watch as a neutral.","reaction",""
"Germany's goal difference of PLUS SEVEN after two matches. I am scared of this team.","reaction",""
"Ivory Coast winning in Group E and the celebrations in the stadium were genuinely beautiful.","reaction",""
"Ecuador drawing when they needed to win is absolutely devastating for their fans. Football is cruel.","reaction",""
"Curacao losing heavily but their fans staying and singing until the final whistle. That's what the World Cup is.","reaction",""
"Netherlands scoring 7 and conceding 3 means every single one of their matches has been end to end chaos.","reaction",""
"Japan are doing it AGAIN. Every tournament I say I'm not going to be shocked and every tournament Japan shocks me.","reaction",""
"Sweden scoring 6 goals and conceding 6 goals. How is this team so thrilling and so infuriating simultaneously.","reaction",""
"Tunisia being eliminated without winning a match but giving Netherlands an absolute game. Respect.","reaction",""
"Egypt are top of Group G and I am absolutely buzzing for Egyptian football fans right now.","reaction",""
"Iran drawing twice and the expressions on their players faces at full time broke my heart a little.","reaction",""
"Belgium drawing twice and you can just see on their faces that this generation knows their time is up.","reaction",""
"New Zealand scoring 3 goals at a World Cup. Do you understand how enormous that is for New Zealand football.","reaction",""
"Spain playing football so controlled and clinical and I genuinely cannot decide if I'm bored or mesmerized.","reaction",""
"Uruguay drawing AGAIN. This team feels so different now from the Suarez era.","reaction",""
"Cabo Verde drawing twice at a World Cup. The scenes back home must be absolutely electric.","reaction",""
"Saudi Arabia fans were magnificent in that match even as their team struggled. Football fans are something else.","reaction",""
"SENEGAL ARE AS GOOD AS ELIMINATED AND I AM DEVASTATED. This team deserved so much more from this tournament.","reaction",""
"Iraq going out of the group stage but putting up more of a fight than anyone expected. Incredible effort.","reaction",""
"France scoring 6 goals in 2 matches and still looking like they have another gear they haven't used yet.","reaction",""
"Norway are legitimately terrifying at this World Cup and the rest of the tournament should be very afraid.","reaction",""
"ARGENTINA STILL PERFECT. Five goals scored zero conceded and I genuinely believe they're going to win it.","reaction",""
"Austria getting 3 points at a World Cup is an achievement in itself and their fans look overjoyed.","reaction",""
"Algeria winning a World Cup match is always an emotional moment for me regardless of who I support.","reaction",""
"Jordan being at the World Cup at all is the achievement. Watching them compete is genuinely moving.","reaction",""
"Portugal SIX GOALS in their opener. Honestly did not see that coming. This attack is something else.","reaction",""
"Colombia winning convincingly in their first match and I completely forgot they were even in the tournament. Now I can't stop watching.","reaction",""
"Congo DR drawing against Portugal at a WORLD CUP. That result needs to be celebrated more than it is.","reaction",""
"Uzbekistan at the World Cup. I need a moment. Football just does these wonderful things sometimes.","reaction",""
"England drawing against Ghana and the energy in the English media afterwards was completely unhinged.","reaction",""
"Ghana keeping a clean sheet against England and I was watching alone in my apartment and screamed so loud.","reaction",""
"Croatia losing in the group stage and you can see the end of an era happening in real time. Emotional.","reaction",""
"Panama at the World Cup and their fans have been the loudest in every match they've been to. Incredible support.","reaction",""
"Scotland in the knockouts would be the greatest moment in Scottish sporting history and I'm already nervous.","reaction",""
"South Africa drawing at the World Cup and back home the celebrations were as big as a win. Context matters.","reaction",""
"Czechia playing competitive football at a World Cup and their fans traveling in huge numbers is wonderful to see.","reaction",""
"That moment when a small nation scores their first World Cup goal and the players don't know how to react. Football.","reaction",""
